<?xml version="1.0" encoding="UTF-8"?>
<!DOCTYPE hibernate-configuration PUBLIC "-//Hibernate/Hibernate Configuration DTD 3.0//EN"
                                         "http://hibernate.sourceforge.net/hibernate-configuration-3.0.dtd">
<hibernate-configuration>
 <session-factory name="hibernateSessionFactory">
  <property name="hibernate.connection.driver_class">com.mysql.jdbc.Driver</property>
    <property name="hibernate.connection.url">jdbc:mysql://sql12.freemysqlhosting.net:3306/sql12304479</property>
    <property name="hibernate.connection.username">sql12304479</property>
  	<property name="hibernate.connection.password">YCNRGjfxaQ</property>
	<property name="hibernate.dialect">org.hibernate.dialect.MySQLDialect</property>
	<property name="hibernate.show_sql">true</property>
	<property name="hibernate.format_sql">true</property>
<!--   <property name="hibernate.hbm2ddl.auto">create</property> -->
  <mapping class="com.infinite.customerapp.dao.CustomerEntity"/>
 </session-factory>
</hibernate-configuration>